title, description
just testing..., just testing...
just testing..., just testing...
just testing..., just testing...
just testing..., just testing...
just testing..., just testing...
just testing..., just testing...
just testing..., just testing...
just testing..., just testing...
just testing..., just testing...
just testing..., just testing...
just testing..., just testing...
just testing..., just testing...
just testing..., just testing...
just testing..., just testing...
just testing..., just testing...
just testing..., just testing...
just testing..., just testing...
just testing..., just testing...
just testing..., just testing...
just testing..., just testing...
just testing..., just testing...
just testing..., just testing...
just testing..., just testing...
just testing..., just testing...
just testing..., just testing...
just testing..., just testing...
just testing..., just testing...
just testing..., just testing...
just testing..., just testing...
just testing..., just testing...
just testing..., just testing...
just testing..., just testing...
just testing..., just testing...
just testing..., just testing...
just testing..., just testing...
just testing..., just testing...
just testing..., just testing...
just testing..., just testing...
just testing..., just testing...
just testing..., just testing...
just testing..., just testing...
just testing..., just testing...
just testing..., just testing...
just testing..., just testing...
just testing..., just testing...
just testing..., just testing...
just testing..., just testing...
just testing..., just testing...
just testing..., just testing...
just testing..., just testing...
just testing..., just testing...
just testing..., just testing...
just testing..., just testing...
just testing..., just testing...
just testing..., just testing...
just testing..., just testing...
just testing..., just testing...
just testing..., just testing...
just testing..., just testing...
just testing..., just testing...
just testing..., just testing...
just testing..., just testing...
just testing..., just testing...
just testing..., just testing...
just testing..., just testing...
just testing..., just testing...
just testing..., just testing...
just testing..., just testing...
just testing..., just testing...
just testing..., just testing...
just testing..., just testing...
just testing..., just testing...
just testing..., just testing...
just testing..., just testing...
just testing..., just testing...
just testing..., just testing...
just testing..., just testing...
just testing..., just testing...
just testing..., just testing...
just testing..., just testing...
just testing..., just testing...
just testing..., just testing...
just testing..., just testing...
just testing..., just testing...
just testing..., just testing...
just testing..., just testing...
just testing..., just testing...
just testing..., just testing...
just testing..., just testing...
just testing..., just testing...
just testing..., just testing...
just testing..., just testing...
just testing..., just testing...
just testing..., just testing...
just testing..., just testing...
just testing..., just testing...
just testing..., just testing...
just testing..., just testing...
just testing..., just testing...
just testing..., just testing...