"(u'just testing...', u'just testing...')" "2018-08-04 16:38:35.222971"
"(u'just testing...', u'just testing...')" "2018-08-04 16:38:35.330560"
"(u'just testing...', u'just testing...')" "2018-08-04 16:38:35.441618"
"(u'just testing...', u'just testing...')" "2018-08-04 16:38:35.556691"
"(u'just testing...', u'just testing...')" "2018-08-04 16:38:35.666330"
"(u'just testing...', u'just testing...')" "2018-08-04 16:38:35.777188"
"(u'just testing...', u'just testing...')" "2018-08-04 16:38:35.891544"
"(u'just testing...', u'just testing...')" "2018-08-04 16:38:36.006342"
"(u'just testing...', u'just testing...')" "2018-08-04 16:38:36.119201"
"(u'just testing...', u'just testing...')" "2018-08-04 16:38:36.233098"
"(u'just testing...', u'just testing...')" "2018-08-04 16:38:36.344628"
"(u'just testing...', u'just testing...')" "2018-08-04 16:38:36.453695"
"(u'just testing...', u'just testing...')" "2018-08-04 16:38:36.562672"
"(u'just testing...', u'just testing...')" "2018-08-04 16:38:36.672553"
"(u'just testing...', u'just testing...')" "2018-08-04 16:38:36.779157"
"(u'just testing...', u'just testing...')" "2018-08-04 16:38:36.890082"
"(u'just testing...', u'just testing...')" "2018-08-04 16:38:36.999641"
"(u'just testing...', u'just testing...')" "2018-08-04 16:38:37.106997"
"(u'just testing...', u'just testing...')" "2018-08-04 16:38:37.218545"
"(u'just testing...', u'just testing...')" "2018-08-04 16:38:37.330645"
"(u'just testing...', u'just testing...')" "2018-08-04 16:38:39.586469"
"(u'just testing...', u'just testing...')" "2018-08-04 16:38:39.699972"
"(u'just testing...', u'just testing...')" "2018-08-04 16:38:39.813268"
"(u'just testing...', u'just testing...')" "2018-08-04 16:38:39.923233"
"(u'just testing...', u'just testing...')" "2018-08-04 16:38:40.036225"
"(u'just testing...', u'just testing...')" "2018-08-04 16:38:40.149235"
"(u'just testing...', u'just testing...')" "2018-08-04 16:38:40.258962"
"(u'just testing...', u'just testing...')" "2018-08-04 16:38:40.373420"
"(u'just testing...', u'just testing...')" "2018-08-04 16:38:40.486007"
"(u'just testing...', u'just testing...')" "2018-08-04 16:38:40.599493"
"(u'just testing...', u'just testing...')" "2018-08-04 16:38:40.713119"
"(u'just testing...', u'just testing...')" "2018-08-04 16:38:40.822460"
"(u'just testing...', u'just testing...')" "2018-08-04 16:38:40.931462"
"(u'just testing...', u'just testing...')" "2018-08-04 16:38:41.046608"
"(u'just testing...', u'just testing...')" "2018-08-04 16:38:41.159893"
"(u'just testing...', u'just testing...')" "2018-08-04 16:38:41.273579"
"(u'just testing...', u'just testing...')" "2018-08-04 16:38:41.385164"
"(u'just testing...', u'just testing...')" "2018-08-04 16:38:41.495483"
"(u'just testing...', u'just testing...')" "2018-08-04 16:38:41.602630"
"(u'just testing...', u'just testing...')" "2018-08-04 16:38:41.712268"
"(u'just testing...', u'just testing...')" "2018-08-04 16:38:43.980238"
"(u'just testing...', u'just testing...')" "2018-08-04 16:38:44.087089"
"(u'just testing...', u'just testing...')" "2018-08-04 16:38:44.198007"
"(u'just testing...', u'just testing...')" "2018-08-04 16:38:44.308689"
"(u'just testing...', u'just testing...')" "2018-08-04 16:38:44.417866"
"(u'just testing...', u'just testing...')" "2018-08-04 16:38:44.526341"
"(u'just testing...', u'just testing...')" "2018-08-04 16:38:44.633495"
"(u'just testing...', u'just testing...')" "2018-08-04 16:38:44.743286"
"(u'just testing...', u'just testing...')" "2018-08-04 16:38:44.854978"
"(u'just testing...', u'just testing...')" "2018-08-04 16:38:44.968413"
"(u'just testing...', u'just testing...')" "2018-08-04 16:38:45.083246"
"(u'just testing...', u'just testing...')" "2018-08-04 16:38:45.191771"
"(u'just testing...', u'just testing...')" "2018-08-04 16:38:45.298198"
"(u'just testing...', u'just testing...')" "2018-08-04 16:38:45.412634"
"(u'just testing...', u'just testing...')" "2018-08-04 16:38:45.526596"
"(u'just testing...', u'just testing...')" "2018-08-04 16:38:45.639933"
"(u'just testing...', u'just testing...')" "2018-08-04 16:38:45.751064"
"(u'just testing...', u'just testing...')" "2018-08-04 16:38:45.864595"
"(u'just testing...', u'just testing...')" "2018-08-04 16:38:45.972262"
"(u'just testing...', u'just testing...')" "2018-08-04 16:38:46.083332"
"(u'just testing...', u'just testing...')" "2018-08-04 16:38:48.363075"
"(u'just testing...', u'just testing...')" "2018-08-04 16:38:48.481159"
"(u'just testing...', u'just testing...')" "2018-08-04 16:38:48.593384"
"(u'just testing...', u'just testing...')" "2018-08-04 16:38:48.706081"
"(u'just testing...', u'just testing...')" "2018-08-04 16:38:48.819497"
"(u'just testing...', u'just testing...')" "2018-08-04 16:38:48.930731"
"(u'just testing...', u'just testing...')" "2018-08-04 16:38:49.046358"
"(u'just testing...', u'just testing...')" "2018-08-04 16:38:49.160939"
"(u'just testing...', u'just testing...')" "2018-08-04 16:38:49.274406"
"(u'just testing...', u'just testing...')" "2018-08-04 16:38:49.386496"
"(u'just testing...', u'just testing...')" "2018-08-04 16:38:49.500548"
"(u'just testing...', u'just testing...')" "2018-08-04 16:38:49.608496"
"(u'just testing...', u'just testing...')" "2018-08-04 16:38:49.721884"
"(u'just testing...', u'just testing...')" "2018-08-04 16:38:49.836337"
"(u'just testing...', u'just testing...')" "2018-08-04 16:38:49.947336"
"(u'just testing...', u'just testing...')" "2018-08-04 16:38:50.061544"
"(u'just testing...', u'just testing...')" "2018-08-04 16:38:50.175826"
"(u'just testing...', u'just testing...')" "2018-08-04 16:38:50.287614"
"(u'just testing...', u'just testing...')" "2018-08-04 16:38:50.401001"
"(u'just testing...', u'just testing...')" "2018-08-04 16:38:50.516059"
"(u'just testing...', u'just testing...')" "2018-08-04 16:38:52.784996"
"(u'just testing...', u'just testing...')" "2018-08-04 16:38:52.895546"
"(u'just testing...', u'just testing...')" "2018-08-04 16:38:53.009433"
"(u'just testing...', u'just testing...')" "2018-08-04 16:38:53.122613"
"(u'just testing...', u'just testing...')" "2018-08-04 16:38:53.233414"
"(u'just testing...', u'just testing...')" "2018-08-04 16:38:53.339258"
"(u'just testing...', u'just testing...')" "2018-08-04 16:38:53.454152"
"(u'just testing...', u'just testing...')" "2018-08-04 16:38:53.566744"
"(u'just testing...', u'just testing...')" "2018-08-04 16:38:53.678912"
"(u'just testing...', u'just testing...')" "2018-08-04 16:38:53.791963"
"(u'just testing...', u'just testing...')" "2018-08-04 16:38:53.904967"
"(u'just testing...', u'just testing...')" "2018-08-04 16:38:54.016399"
"(u'just testing...', u'just testing...')" "2018-08-04 16:38:54.129250"
"(u'just testing...', u'just testing...')" "2018-08-04 16:38:54.238448"
"(u'just testing...', u'just testing...')" "2018-08-04 16:38:54.351932"
"(u'just testing...', u'just testing...')" "2018-08-04 16:38:54.471481"
"(u'just testing...', u'just testing...')" "2018-08-04 16:38:54.583528"
"(u'just testing...', u'just testing...')" "2018-08-04 16:38:54.697878"
"(u'just testing...', u'just testing...')" "2018-08-04 16:38:54.808023"
"(u'just testing...', u'just testing...')" "2018-08-04 16:38:54.921370"
